parent,node,branch.length,label,Source,time
415,416,2.05E-06,13,NDF,na
494,495,2.39E-06,13,NDF,na
581,582,2.05E-06,14,NDF,na
562,563,2.05E-06,16,NDF,na
580,581,2.05E-06,18,NDF,na
582,583,2.05E-06,19,NDF,na
495,496,2.39E-06,21,NDF,na
499,500,2.39E-06,21,NDF,na
498,499,2.39E-06,22,NDF,na
577,578,2.05E-06,22,NDF,na
538,539,2.05E-06,23,NDF,na
416,417,2.05E-06,24,NDF,na
537,538,2.05E-06,25,NDF,na
562,570,2.05E-06,30,NDF,na
388,398,0.003462314,31,NDF,na
584,585,2.05E-06,31,NDF,na
496,497,2.39E-06,32,NDF,na
583,584,2.05E-06,32,NDF,na
505,506,2.39E-06,34,NDF,na
564,565,2.05E-06,35,NDF,na
565,566,2.05E-06,35,NDF,na
406,407,2.58E-06,36,NDF,na
709,712,2.05E-06,36,NDF,na
681,682,2.58E-06,37,NDF,na
707,708,2.05E-06,38,NDF,na
603,614,2.05E-06,39,NDF,na
401,420,2.05E-06,40,NDF,na
506,507,2.39E-06,40,NDF,na
539,542,0.001891495,40,NDF,na
563,564,2.05E-06,40,NDF,na
578,579,2.05E-06,40,NDF,na
579,580,2.05E-06,40,NDF,na
585,586,2.05E-06,42,NDF,na
654,668,2.07E-06,42,NDF,na
418,419,0.00053889,43,NDF,na
707,714,0.003683552,43,NDF,na
417,418,0.000347435,44,NDF,na
470,471,2.05E-06,44,NDF,na
708,709,2.05E-06,44,NDF,na
502,503,2.39E-06,45,NDF,na
586,587,0.0001753,45,NDF,na
614,616,2.05E-06,45,NDF,na
603,604,2.05E-06,46,NDF,na
576,577,1.71E-05,47,NDF,na
402,403,2.40E-06,48,NDF,na
427,428,0.024296593,48,NDF,na
679,680,0.003197593,48,NDF,na
497,498,2.39E-06,49,NDF,na
501,502,2.39E-06,49,NDF,na
538,543,2.05E-06,49,NDF,na
486,593,0.118047979,49,NDF,na
652,653,2.05E-06,49,NDF,na
442,443,2.95E-06,50,NDF,na
560,561,2.05E-06,50,NDF,na
718,719,2.05E-06,50,NDF,na
427,486,0.119147294,51,NDF,na
507,508,2.39E-06,51,NDF,na
539,540,2.05E-06,51,NDF,na
561,562,2.05E-06,51,NDF,na
402,415,0.000413901,52,NDF,na
500,501,2.39E-06,52,NDF,na
655,656,0.006281604,53,NDF,na
672,674,2.50E-06,53,NDF,na
443,444,0.015835372,54,NDF,na
463,464,2.79E-06,54,NDF,na
462,475,2.33E-06,54,NDF,na
656,667,0.006019869,54,NDF,na
678,679,2.05E-06,54,NDF,na
442,450,0.005486246,55,NDF,na
450,451,0.005318631,55,NDF,na
491,492,2.39E-06,55,NDF,na
521,523,2.28E-06,55,NDF,na
570,571,2.05E-06,55,NDF,na
717,718,2.05E-06,55,NDF,na
380,381,0.004229634,57,NDF,na
407,408,2.58E-06,57,NDF,na
462,463,0.007406588,57,NDF,na
564,568,2.05E-06,57,NDF,na
568,569,2.05E-06,57,NDF,na
607,608,2.05E-06,57,NDF,na
599,600,0.008189975,58,NDF,na
721,722,0.00398003,58,NDF,na
379,380,0.001425071,59,NDF,na
453,454,2.05E-06,59,NDF,na
493,494,2.39E-06,59,NDF,na
523,524,2.05E-06,59,NDF,na
722,723,0.006223683,59,NDF,na
723,724,0.001245268,59,NDF,na
381,388,0.005391342,60,NDF,na
712,713,2.05E-06,60,NDF,na
405,406,0.00668226,61,NDF,na
596,599,0.006115345,61,NDF,na
395,396,0.011049515,62,NDF,na
396,397,0.008705821,62,NDF,na
508,509,2.39E-06,62,NDF,na
720,721,2.64E-06,63,NDF,na
370,371,0.007199311,64,NDF,na
509,510,2.39E-06,64,NDF,na
523,528,2.40E-06,64,NDF,na
600,603,0.001741469,64,NDF,na
627,628,0.001983822,64,NDF,na
503,504,0.001015194,65,NDF,na
571,572,2.05E-06,65,NDF,na
596,597,0.003688942,65,NDF,na
671,678,0.003281836,65,NDF,na
706,707,2.05E-06,65,NDF,na
717,726,0.006238508,65,NDF,na
604,605,0.009207717,66,NDF,na
425,426,0.013672809,67,NDF,na
430,431,0.004916068,67,NDF,na
484,485,2.05E-06,67,NDF,na
512,513,2.95E-06,67,NDF,na
605,609,0.004599167,67,NDF,na
609,610,0.002795345,67,NDF,na
466,467,2.05E-06,68,NDF,na
572,573,2.05E-06,68,NDF,na
597,598,0.00705216,68,NDF,na
610,611,0.004272642,68,NDF,na
426,617,0.003689735,68,NDF,na
425,654,0.007896239,68,NDF,na
431,432,0.00597984,70,NDF,na
432,433,0.004378889,70,NDF,na
518,546,2.05E-06,70,NDF,na
556,557,2.05E-06,70,NDF,na
559,560,0.001794324,70,NDF,na
565,567,2.05E-06,70,NDF,na
668,669,0.005047526,70,NDF,na
379,702,0.014725508,70,NDF,na
371,372,2.05E-06,71,NDF,na
575,576,0.000263836,71,NDF,na
660,662,2.05E-06,71,NDF,na
482,483,2.05E-06,72,NDF,na
606,607,2.05E-06,72,NDF,na
611,612,0.01015899,72,NDF,na
671,672,0.014592249,72,NDF,na
492,493,0.001625566,73,NDF,na
493,515,2.05E-06,73,NDF,na
560,574,0.002055217,73,NDF,na
591,592,2.05E-06,73,NDF,na
704,705,2.32E-06,73,NDF,na
705,706,2.32E-06,73,NDF,na
371,377,0.003436162,74,NDF,na
428,429,2.51E-06,74,NDF,na
574,575,0.001020616,74,NDF,na
377,378,0.001708947,75,NDF,na
423,424,0.006237868,75,NDF,na
670,671,0.002694994,75,NDF,na
373,374,0.001461486,76,NDF,na
424,425,0.006041938,76,NDF,na
459,460,0.004287407,76,NDF,na
517,518,2.13E-06,76,NDF,na
520,521,0.001479446,76,NDF,na
426,427,0.014027732,77,NDF,na
473,474,2.05E-06,77,NDF,na
669,670,0.003607277,77,NDF,na
624,629,0.004295091,78,NDF,na
703,704,0.003672529,78,NDF,na
372,373,0.003755502,79,NDF,na
510,511,2.39E-06,79,NDF,na
620,621,2.05E-06,79,NDF,na
624,625,0.005247675,79,NDF,na
646,648,2.05E-06,79,NDF,na
590,591,2.05E-06,80,NDF,na
374,375,0.003206226,81,NDF,na
380,423,0.004631492,81,NDF,na
433,434,0.003697686,81,NDF,na
520,545,0.002468568,81,NDF,na
733,734,2.05E-06,81,NDF,na
403,404,0.004997543,82,NDF,na
680,681,0.011668975,82,NDF,na
411,412,2.05E-06,83,NDF,na
434,435,0.006867881,83,NDF,na
435,436,0.002415056,83,NDF,na
438,459,0.006893113,83,NDF,na
601,602,2.05E-06,83,NDF,na
511,512,0.001686448,84,NDF,na
516,517,0.00144364,84,NDF,na
623,624,0.012466962,84,NDF,na
400,401,0.005056494,85,NDF,na
460,461,0.011283043,85,NDF,na
469,470,2.05E-06,85,NDF,na
504,505,0.000989755,85,NDF,na
543,544,0.00089542,85,NDF,na
654,655,0.005723355,85,NDF,na
732,733,0.000729873,85,NDF,na
401,402,0.01019101,86,NDF,na
404,411,0.001913021,86,NDF,na
438,439,0.009549656,86,NDF,na
460,484,2.05E-06,86,NDF,na
488,489,0.053285751,86,NDF,na
489,548,0.002960301,86,NDF,na
555,556,0.001556945,86,NDF,na
614,615,2.05E-06,86,NDF,na
640,641,2.05E-06,86,NDF,na
704,728,0.001000828,86,NDF,na
455,456,2.05E-06,87,NDF,na
548,549,0.005835408,87,NDF,na
382,383,0.001997807,88,NDF,na
384,385,2.05E-06,88,NDF,na
399,400,0.005951335,88,NDF,na
404,405,0.010474029,88,NDF,na
524,525,0.001558024,88,NDF,na
530,531,0.00013713,88,NDF,na
644,649,2.42E-06,88,NDF,na
385,386,2.05E-06,89,NDF,na
430,437,0.00841323,89,NDF,na
489,490,0.007411002,89,NDF,na
540,541,2.05E-06,89,NDF,na
659,660,2.05E-06,89,NDF,na
383,384,0.005746094,90,NDF,na
618,623,0.013942168,90,NDF,na
441,442,0.009789038,91,NDF,na
445,446,2.05E-06,91,NDF,na
478,479,0.007840528,91,NDF,na
639,644,0.010548004,91,NDF,na
385,387,2.05E-06,92,NDF,na
399,421,0.008315894,92,NDF,na
440,441,0.00650252,92,NDF,na
519,520,2.20E-06,93,NDF,na
529,530,0.003008797,93,NDF,na
551,552,2.68E-06,93,NDF,na
461,462,0.015649502,94,NDF,na
550,551,0.001655301,94,NDF,na
548,555,0.003579488,94,NDF,na
487,589,0.174306403,94,NDF,na
623,638,0.005599102,94,NDF,na
660,661,2.05E-06,94,NDF,na
674,675,0.023432775,94,NDF,na
719,720,0.006338175,94,NDF,na
444,448,0.005769948,95,NDF,na
475,476,2.05E-06,95,NDF,na
526,527,0.001819676,95,NDF,na
552,553,0.001792288,95,NDF,na
646,647,2.05E-06,95,NDF,na
716,717,0.006272038,95,NDF,na
729,730,2.05E-06,95,NDF,na
441,452,0.005442046,96,NDF,na
439,458,0.002508659,96,NDF,na
461,478,0.002449059,96,NDF,na
486,487,0.024752844,96,NDF,na
594,596,0.039338901,96,NDF,na
630,631,0.010343474,96,NDF,na
617,652,0.028689416,96,NDF,na
678,684,0.024346058,96,NDF,na
429,438,0.025140342,97,NDF,na
439,440,0.01951424,97,NDF,na
525,526,0.003132284,97,NDF,na
629,633,0.013040105,97,NDF,na
634,635,0.003056453,97,NDF,na
635,636,0.011867606,97,NDF,na
424,697,0.022570347,97,NDF,na
702,703,0.016522417,97,NDF,na
710,711,2.05E-06,97,NDF,na
388,389,0.026615263,98,NDF,na
429,430,0.015491271,98,NDF,na
487,488,0.13837818,98,NDF,na
490,491,0.014485442,98,NDF,na
528,529,0.008192532,98,NDF,na
589,590,0.004247599,98,NDF,na
617,618,0.059173505,98,NDF,na
619,622,0.004652834,98,NDF,na
638,639,0.024298947,98,NDF,na
638,650,0.028507306,98,NDF,na
656,657,0.000689759,98,NDF,na
709,710,0.005383551,98,NDF,na
722,725,2.05E-06,98,NDF,na
375,376,0.006483239,99,NDF,na
393,395,0.016925478,99,NDF,na
405,409,0.011304409,99,NDF,na
452,455,0.009245834,99,NDF,na
465,466,0.002171967,99,NDF,na
465,468,0.006156229,99,NDF,na
479,482,0.010201309,99,NDF,na
605,606,0.002329742,99,NDF,na
604,613,0.007164174,99,NDF,na
619,620,0.003863241,99,NDF,na
639,640,0.013516697,99,NDF,na
644,645,0.01284892,99,NDF,na
645,646,0.002543004,99,NDF,na
657,658,0.006641962,99,NDF,na
687,688,0.007074154,99,NDF,na
694,695,0.009361995,99,NDF,na
698,699,0.004254093,99,NDF,na
715,716,0.018810828,99,NDF,na
370,379,0.085386831,100,NDF,na
381,382,0.028288143,100,NDF,na
389,390,0.021856706,100,NDF,na
390,391,0.040828699,100,NDF,na
391,392,0.002809304,100,NDF,na
390,393,0.006761803,100,NDF,na
393,394,0.017743569,100,NDF,na
398,399,0.049796985,100,NDF,na
409,410,0.004772768,100,NDF,na
403,413,0.007706579,100,NDF,na
398,422,0.072446985,100,NDF,na
444,445,0.018093845,100,NDF,na
446,447,0.002415196,100,NDF,na
443,449,0.001939584,100,NDF,na
452,453,0.019130391,100,NDF,na
440,457,0.03225329,100,NDF,na
464,465,0.039418711,100,NDF,na
464,469,0.020540681,100,NDF,na
463,473,0.007714189,100,NDF,na
479,480,0.002385147,100,NDF,na
490,516,0.068946885,100,NDF,na
518,519,0.00628,100,NDF,na
521,522,0.005993184,100,NDF,na
531,532,0.017957714,100,NDF,na
532,533,0.010204613,100,NDF,na
533,534,0.00274773,100,NDF,na
534,535,0.003318646,100,NDF,na
532,536,0.061823806,100,NDF,na
531,537,0.040783236,100,NDF,na
549,550,0.01502905,100,NDF,na
553,554,0.040641976,100,NDF,na
488,558,0.10448979,100,NDF,na
558,559,0.046208776,100,NDF,na
558,588,0.140502868,100,NDF,na
593,594,0.172820759,100,NDF,na
594,595,0.08396914,100,NDF,na
600,601,0.022527708,100,NDF,na
618,619,0.026355801,100,NDF,na
625,626,0.011323592,100,NDF,na
625,627,0.024383546,100,NDF,na
629,630,0.041018953,100,NDF,na
631,632,0.006022403,100,NDF,na
633,634,0.020642584,100,NDF,na
636,637,0.06017285,100,NDF,na
650,651,0.007913011,100,NDF,na
658,659,0.01370656,100,NDF,na
658,663,0.002943715,100,NDF,na
657,664,0.019404649,100,NDF,na
664,665,0.024661369,100,NDF,na
664,666,0.027824568,100,NDF,na
672,673,0.080559648,100,NDF,na
675,676,0.05228752,100,NDF,na
675,677,0.017051566,100,NDF,na
684,685,0.013091072,100,NDF,na
685,686,0.00921523,100,NDF,na
684,687,0.033237563,100,NDF,na
688,689,0.007090002,100,NDF,na
669,690,0.03474227,100,NDF,na
690,691,0.008374886,100,NDF,na
691,692,0.002668802,100,NDF,na
691,693,0.002667007,100,NDF,na
668,694,0.016702741,100,NDF,na
697,698,0.042745017,100,NDF,na
423,700,0.034908877,100,NDF,na
700,701,0.057077516,100,NDF,na
714,715,0.095755353,100,NDF,na
726,727,0.006410851,100,NDF,na
703,729,0.005714765,100,NDF,na
729,731,0.005843539,100,NDF,na
702,732,0.047180681,100,NDF,na
732,736,0.032020601,100,NDF,na
595,220,0.003368004,12.1_clean,My,2_month
576,197,2.05E-06,12.2_clean,My,2_month
593,244,0.26234574,15.1_clean,My,2_month
595,221,0.003929322,15.2_clean,My,2_month
570,191,2.05E-06,15.3_clean,My,2_month
589,215,0.043977172,16.1_clean,My,2_month
561,196,2.05E-06,16.2_clean,My,2_month
513,119,0.001860725,18.2_clean,My,2_month
580,198,0.001063173,21_clean,My,5_month
573,192,0.001104054,22_clean,My,5_month
579,207,2.05E-06,23_clean,My,5_month
588,213,0.007542293,24.1_clean,My,5_month
588,214,2.88E-06,24.2_clean,My,5_month
592,216,2.05E-06,25.1_clean,My,5_month
574,211,0.001136215,25.2_clean,My,5_month
573,193,0.034025399,26_clean,My,5_month
587,199,0.000541376,28_clean,My,5_month
572,194,2.05E-06,29_clean,My,5_month
571,195,2.05E-06,30_clean,My,5_month
583,204,2.05E-06,32_clean,My,5_month
566,184,2.05E-06,33.2_clean,My,5_month
587,200,2.05E-06,34_clean,My,5_month
585,202,2.05E-06,35_clean,My,5_month
567,186,2.05E-06,36_clean,My,5_month
559,212,0.002890689,37_clean,My,5_month
582,205,2.05E-06,38_clean,My,7_month
581,206,2.05E-06,39.1_clean,My,7_month
563,183,2.05E-06,4_clean,My,1_week
578,208,0.002228109,40_clean,My,7_month
575,210,2.05E-06,41.2_clean,My,11_month
569,188,2.05E-06,42_clean,My,11_month
566,185,2.05E-06,44_clean,My,11_month
584,203,2.05E-06,45.2_clean,My,11_month
591,218,2.04E-06,46.1_clean,My,11_month
577,209,0.01058249,46.2_clean,My,11_month
590,219,2.05E-06,47.1_clean,My,11_month
586,201,2.05E-06,47.2_clean,My,11_month
569,189,2.05E-06,48_clean,My,11_month
592,217,2.05E-06,49_clean,My,11_month
567,187,2.05E-06,51_clean,My,11_month
568,190,2.05E-06,52_clean,My,11_month
428,112,0.416401069,54_clean,My,11_month
613,238,2.05E-06,BH1356,PAG,na
599,243,0.001166097,BH1392,PAG,na
598,222,0.054150091,BH1411,PAG,na
602,225,0.00228079,BH1413,PAG,na
602,226,2.05E-06,BH1414,PAG,na
598,223,0.03362207,BH1415,PAG,na
606,228,2.05E-06,BH1417,PAG,na
608,229,0.004683006,BH1419,PAG,na
615,239,2.05E-06,BH1422,PAG,na
616,241,2.05E-06,BH1423,PAG,na
612,232,0.004438339,BH1424,PAG,na
611,234,0.01514205,BH1425,PAG,na
616,242,2.05E-06,BH1426,PAG,na
597,224,0.013793003,BH1427,PAG,na
612,233,0.022994655,BH1428,PAG,na
601,227,2.05E-06,BH1448,PAG,na
609,236,0.004645794,BH1449,PAG,na
607,231,0.002308453,BH1450,PAG,na
615,240,2.05E-06,BH1451,PAG,na
613,237,2.05E-06,BH1453,PAG,na
608,230,0.00699548,BH1456,PAG,na
610,235,0.017287054,BH1458,PAG,na
506,113,2.05E-06,C1_KF572153.1,Thornhil,na
505,122,2.05E-06,C1_KF572154.1,Thornhil,na
504,123,0.001976372,C1_KF572155.1,Thornhil,na
497,130,2.05E-06,C1_KF572156.1,Thornhil,na
501,126,2.05E-06,C1_KF572157.1,Thornhil,na
509,114,2.05E-06,C1_KF572158.1,Thornhil,na
498,129,0.001500527,C1_KF572159.1,Thornhil,na
507,121,2.05E-06,C1_KF572160.1,Thornhil,na
492,137,0.001489435,C1_KF572161.1,Thornhil,na
499,128,2.05E-06,C1_KF572162.1,Thornhil,na
491,138,0.001491687,C1_KF572163.1,Thornhil,na
510,115,2.05E-06,C1_KF572164.1,Thornhil,na
508,120,2.05E-06,C1_KF572165.1,Thornhil,na
500,127,2.05E-06,C1_KF572166.1,Thornhil,na
515,135,0.003261474,C1_KF572167.1,Thornhil,na
511,116,2.85E-06,C1_KF572168.1,Thornhil,na
502,125,2.05E-06,C1_KF572169.1,Thornhil,na
515,136,0.004674317,C1_KF572170.1,Thornhil,na
503,124,0.003770896,C1_KF572171.1,Thornhil,na
512,117,2.05E-06,C1_KF572172.1,Thornhil,na
513,118,0.002975361,C1_KF572173.1,Thornhil,na
496,131,2.05E-06,C1_KF572174.1,Thornhil,na
514,132,0,C1_KF572175.1,Thornhil,na
494,134,2.05E-06,C1_KF572176.1,Thornhil,na
514,133,0,C1_KF572177.1,Thornhil,na
550,172,0.010434211,C1_KF572178.1,Thornhil,na
551,173,2.05E-06,C1_KF572179.1,Thornhil,na
553,174,0.006620319,C1_KF572180.1,Thornhil,na
552,177,0.001554231,C1_KF572181.1,Thornhil,na
554,175,2.05E-06,C1_KF572182.1,Thornhil,na
554,176,2.05E-06,C1_KF572183.1,Thornhil,na
549,178,0.032400753,C1_KF572184.1,Thornhil,na
522,139,2.05E-06,C1_KF572189.1,Thornhil,na
517,170,0.006027389,C1_KF572190.1,Thornhil,na
527,141,2.05E-06,C1_KF572191.1,Thornhil,na
527,142,2.05E-06,C1_KF572192.1,Thornhil,na
525,144,2.05E-06,C1_KF572193.1,Thornhil,na
522,140,2.05E-06,C1_KF572194.1,Thornhil,na
530,146,0.007521412,C1_KF572195.1,Thornhil,na
526,143,2.05E-06,C1_KF572196.1,Thornhil,na
519,166,0.001302796,C1_KF572197.1,Thornhil,na
524,145,0.005394508,C1_KF572198.1,Thornhil,na
529,162,0.005669313,C1_KF572199.1,Thornhil,na
547,167,0,C1_KF572200.1,Thornhil,na
546,169,2.05E-06,C1_KF572201.1,Thornhil,na
547,168,0,C1_KF572202.1,Thornhil,na
545,164,0.005846044,C1_KF572203.1,Thornhil,na
545,165,0.007945529,C1_KF572204.1,Thornhil,na
516,171,2.54E-06,C1_KF572205.1,Thornhil,na
528,163,0.013834158,C1_KF572206.1,Thornhil,na
535,147,2.05E-06,C1_KF572207.1,Thornhil,na
533,150,0.011467973,C1_KF572208.1,Thornhil,na
535,148,0.003451004,C1_KF572209.1,Thornhil,na
534,149,0.001776336,C1_KF572210.1,Thornhil,na
456,77,2.05E-06,C12_KF572237.1,Thornhil,na
456,78,2.05E-06,C12_KF572238.1,Thornhil,na
455,79,0.002399241,C12_KF572239.1,Thornhil,na
693,320,2.05E-06,C16_KF572350.1,Thornhil,na
690,322,0.020481611,C16_KF572351.1,Thornhil,na
693,321,0.017152756,C16_KF572352.1,Thornhil,na
692,318,2.05E-06,C16a_KF572348.1,Thornhil,na
692,319,2.05E-06,C16a_KF572349.1,Thornhil,na
557,179,0.014535811,C1aj_KF572185.1,Thornhil,na
557,180,2.05E-06,C1aj_KF572186.1,Thornhil,na
556,181,0.003016462,C1aj_KF572187.1,Thornhil,na
541,153,2.05E-06,C1bf_KF572213.1,Thornhil,na
541,154,2.05E-06,C1bf_KF572214.1,Thornhil,na
544,158,0.000557803,C1bf_KF572215.1,Thornhil,na
543,160,2.05E-06,C1bf_KF572216.1,Thornhil,na
544,159,2.05E-06,C1bf_KF572217.1,Thornhil,na
540,155,2.05E-06,C1bf_KF572218.1,Thornhil,na
537,161,0.004499579,C1bf_KF572219.1,Thornhil,na
542,156,0.001084952,C1bf_KF572220.1,Thornhil,na
542,157,2.05E-06,C1bf_KF572221.1,Thornhil,na
536,151,2.05E-06,C1v_KF572211.1,Thornhil,na
536,152,2.05E-06,C1v_KF572212.1,Thornhil,na
436,54,2.05E-06,C27_JQ043667.1,Thornhil,na
434,57,2.05E-06,C27_JQ043668.1,Thornhil,na
437,61,0.016450816,C27_JQ043669.1,Thornhil,na
437,62,2.05E-06,C27_JQ043670.1,Thornhil,na
432,59,0.00970822,C27_JQ043671.1,Thornhil,na
435,56,2.05E-06,C27_JQ043672.1,Thornhil,na
433,58,0.010128034,C27_JQ043673.1,Thornhil,na
431,60,0.005300853,C27_JQ043674.1,Thornhil,na
436,55,0.015668634,C27_JQ043676.1,Thornhil,na
711,334,2.05E-06,C3_JQ043634.1,Thornhil,na
712,337,2.05E-06,C3_JQ043635.1,Thornhil,na
710,336,2.05E-06,C3_JQ043636.1,Thornhil,na
713,338,2.05E-06,C3_JQ043637.1,Thornhil,na
713,339,2.05E-06,C3_JQ043638.1,Thornhil,na
714,341,0.001744156,C3_JQ043639.1,Thornhil,na
711,335,2.05E-06,C3_JQ043640.1,Thornhil,na
708,340,2.05E-06,C3_JQ043641.1,Thornhil,na
706,356,2.05E-06,C3_JQ043642.1,Thornhil,na
705,357,2.05E-06,C3_JQ043643.1,Thornhil,na
728,358,0.000762236,C3_JQ043644.1,Thornhil,na
621,245,2.05E-06,C3_KF572272.1,Thornhil,na
621,246,2.05E-06,C3_KF572273.1,Thornhil,na
622,248,2.05E-06,C3_KF572274.1,Thornhil,na
622,249,2.05E-06,C3_KF572275.1,Thornhil,na
620,247,2.05E-06,C3_KF572277.1,Thornhil,na
661,283,2.05E-06,C3_KF572278.1,Thornhil,na
662,285,2.05E-06,C3_KF572279.1,Thornhil,na
662,286,2.05E-06,C3_KF572280.1,Thornhil,na
659,287,2.05E-06,C3_KF572281.1,Thornhil,na
661,284,2.05E-06,C3_KF572282.1,Thornhil,na
655,296,0.023327908,C3_KF572284.1,Thornhil,na
389,18,0.028688053,C3_KF572285.1,Thornhil,na
673,297,0.005272437,C3_KF572286.1,Thornhil,na
673,298,0.003210011,C3_KF572287.1,Thornhil,na
679,304,0.080797292,C3_KF572288.1,Thornhil,na
700,331,0.038072355,C3_KF572289.1,Thornhil,na
701,332,0.0050752,C3_KF572290.1,Thornhil,na
701,333,2.05E-06,C3_KF572291.1,Thornhil,na
680,305,0.083101347,C3_KF572292.1,Thornhil,na
667,294,0.072945129,C3_KF572293.1,Thornhil,na
676,299,2.05E-06,C3_KF572294.1,Thornhil,na
676,300,2.05E-06,C3_KF572295.1,Thornhil,na
663,288,2.05E-06,C3_KF572296.1,Thornhil,na
663,289,2.05E-06,C3_KF572297.1,Thornhil,na
685,310,0.010975894,C3_KF572298.1,Thornhil,na
733,364,2.05E-06,C3_KF572301.1,Thornhil,na
408,28,2.58E-06,C3_KF572302.1,Thornhil,na
408,29,2.05E-06,C3_KF572303.1,Thornhil,na
406,31,2.05E-06,C3_KF572304.1,Thornhil,na
407,30,2.05E-06,C3_KF572305.1,Thornhil,na
410,32,2.05E-06,C3_KF572306.1,Thornhil,na
410,33,2.05E-06,C3_KF572307.1,Thornhil,na
409,34,0.004985872,C3_KF572308.1,Thornhil,na
400,49,0.004040459,C3_KF572309.1,Thornhil,na
412,35,2.05E-06,C3_KF572310.1,Thornhil,na
412,36,0.002037296,C3_KF572313.1,Thornhil,na
421,50,0.015870376,C3_KF572314.1,Thornhil,na
421,51,0.034785595,C3_KF572315.1,Thornhil,na
411,37,0.008144565,C3_KF572316.1,Thornhil,na
735,365,0,C3_KF572317.1,Thornhil,na
734,367,2.05E-06,C3_KF572318.1,Thornhil,na
735,366,0,C3_KF572319.1,Thornhil,na
419,41,0.00053889,C3_KF572320.1,Thornhil,na
417,44,2.05E-06,C3_KF572321.1,Thornhil,na
419,42,2.05E-06,C3_KF572322.1,Thornhil,na
420,47,2.05E-06,C3_KF572323.1,Thornhil,na
420,48,2.05E-06,C3_KF572324.1,Thornhil,na
415,46,2.05E-06,C3_KF572325.1,Thornhil,na
416,45,2.05E-06,C3_KF572326.1,Thornhil,na
418,43,2.05E-06,C3_KF572327.1,Thornhil,na
414,38,0,C3_KF572328.1,Thornhil,na
413,40,2.05E-06,C3_KF572329.1,Thornhil,na
414,39,0,C3_KF572330.1,Thornhil,na
736,368,0.004311197,C3_KF572331.1,Thornhil,na
736,369,0.015584202,C3_KF572332.1,Thornhil,na
391,19,0.004008358,C3_KF572333.1,Thornhil,na
392,20,2.05E-06,C3_KF572334.1,Thornhil,na
392,21,0.005033687,C3_KF572335.1,Thornhil,na
422,52,0.010159239,C3_KF572342.1,Thornhil,na
422,53,0.004577606,C3_KF572343.1,Thornhil,na
694,323,2.05E-06,C3_KF572344.1,Thornhil,na
696,324,0,C3_KF572345.1,Thornhil,na
695,326,2.05E-06,C3_KF572346.1,Thornhil,na
696,325,0,C3_KF572347.1,Thornhil,na
667,295,0.01161444,C3_KF572353.1,Thornhil,na
666,292,0.008549541,C3_KF572354.1,Thornhil,na
666,293,0.003416165,C3_KF572355.1,Thornhil,na
670,317,0.105431287,C3_KF572356.1,Thornhil,na
726,353,2.05E-06,C3_KF572363.1,Thornhil,na
728,359,2.05E-06,C3_KF572372.1,Thornhil,na
653,280,2.05E-06,C3_KF572375.1,Thornhil,na
653,281,2.05E-06,C3_KF572376.1,Thornhil,na
652,282,2.05E-06,C3_KF572377.1,Thornhil,na
626,250,0.003324482,C3_KF572378.1,Thornhil,na
626,251,2.05E-06,C3_KF572379.1,Thornhil,na
632,255,0.012962853,C3_KF572395.1,Thornhil,na
632,256,0.004156846,C3_KF572396.1,Thornhil,na
630,258,2.87E-06,C3_KF572397.1,Thornhil,na
631,257,0.012166936,C3_KF572398.1,Thornhil,na
633,264,0.02826794,C3_KF572404.1,Thornhil,na
627,252,0.006023839,C3_KF572405.1,Thornhil,na
628,253,2.05E-06,C3_KF572406.1,Thornhil,na
628,254,0.008112986,C3_KF572407.1,Thornhil,na
677,301,2.05E-06,C3_KF572408.1,Thornhil,na
677,302,2.05E-06,C3_KF572409.1,Thornhil,na
699,327,2.05E-06,C3_KF572410.1,Thornhil,na
698,329,0.002222041,C3_KF572411.1,Thornhil,na
699,328,0.005132453,C3_KF572412.1,Thornhil,na
697,330,0.063576178,C3_KF572413.1,Thornhil,na
674,303,0.047339405,C3_KF572414.1,Thornhil,na
687,313,2.05E-06,C3_KF572419.1,Thornhil,na
688,314,2.05E-06,C3_KF572420.1,Thornhil,na
689,315,2.05E-06,C3_KF572421.1,Thornhil,na
689,316,2.05E-06,C3_KF572422.1,Thornhil,na
686,311,2.05E-06,C3_KF572423.1,Thornhil,na
686,312,2.05E-06,C3_KF572424.1,Thornhil,na
378,8,0.003434794,C30_JQ043605.1,Thornhil,na
370,1,2.05E-06,C31_JQ043599.1,Thornhil,na
376,2,0.002131164,C31_JQ043600.1,Thornhil,na
375,4,0.002741553,C31_JQ043602.1,Thornhil,na
374,5,2.05E-06,C31_JQ043603.1,Thornhil,na
376,3,0.005214914,C31_JQ043604.1,Thornhil,na
378,9,2.05E-06,C31_JQ043612.1,Thornhil,na
377,10,2.05E-06,C31_JQ043613.1,Thornhil,na
373,6,2.05E-06,C31_KF572371.1,Thornhil,na
372,7,0.001913012,C31c_JQ043601.1,Thornhil,na
634,259,0.005314568,C3a_KF572399.1,Thornhil,na
635,260,0.002486974,C3a_KF572400.1,Thornhil,na
636,261,2.46E-06,C3a_KF572401.1,Thornhil,na
637,262,2.05E-06,C3a_KF572402.1,Thornhil,na
637,263,0.002820601,C3a_KF572403.1,Thornhil,na
394,22,2.05E-06,C3b_KF572336.1,Thornhil,na
394,23,2.05E-06,C3b_KF572337.1,Thornhil,na
645,270,0.002299107,C3b_KF572385.1,Thornhil,na
651,277,2.05E-06,C3b_KF572386.1,Thornhil,na
650,279,0.010406384,C3b_KF572387.1,Thornhil,na
651,278,2.05E-06,C3b_KF572388.1,Thornhil,na
649,275,0.008739611,C3b_KF572389.1,Thornhil,na
647,271,2.05E-06,C3b_KF572390.1,Thornhil,na
647,272,2.05E-06,C3b_KF572391.1,Thornhil,na
649,276,0.007754867,C3b_KF572392.1,Thornhil,na
648,273,2.05E-06,C3b_KF572393.1,Thornhil,na
648,274,0.00731405,C3b_KF572394.1,Thornhil,na
665,290,0.016179246,C3c_KF572299.1,Thornhil,na
665,291,0.012433508,C3c_KF572300.1,Thornhil,na
382,17,0.002002553,C3h_C3h_JQ043630.1,Thornhil,na
384,11,2.05E-06,C3h_JQ043627.1,Thornhil,na
383,16,2.05E-06,C3h_JQ043628.1,Thornhil,na
386,12,2.05E-06,C3h_JQ043629.1,Thornhil,na
386,13,0.00604685,C3h_JQ043631.1,Thornhil,na
387,14,2.05E-06,C3h_KF572373.1,Thornhil,na
387,15,2.05E-06,C3h_KF572374.1,Thornhil,na
730,360,0.001751134,C3K_JQ043645.1,Thornhil,na
730,361,0.00177308,C3K_JQ043646.1,Thornhil,na
731,362,2.05E-06,C3K_JQ043647.1,Thornhil,na
731,363,0.007927071,C3K_JQ043648.1,Thornhil,na
643,265,0,C3s_KF572380.1,Thornhil,na
641,268,2.05E-06,C3s_KF572381.1,Thornhil,na
642,267,0,C3s_KF572382.1,Thornhil,na
640,269,2.05E-06,C3s_KF572383.1,Thornhil,na
643,266,0,C3s_KF572384.1,Thornhil,na
720,342,0.004254661,C40_KF572357.1,Thornhil,na
716,354,2.35E-06,C40_KF572358.1,Thornhil,na
724,343,0.007289799,C40_KF572359.1,Thornhil,na
727,351,2.05E-06,C40_KF572360.1,Thornhil,na
727,352,2.05E-06,C40_KF572361.1,Thornhil,na
715,355,0.016306287,C40_KF572362.1,Thornhil,na
725,346,2.05E-06,C40_KF572364.1,Thornhil,na
718,350,2.05E-06,C40_KF572365.1,Thornhil,na
725,347,2.05E-06,C40_KF572366.1,Thornhil,na
719,349,0.002064171,C40_KF572367.1,Thornhil,na
723,345,2.05E-06,C40_KF572368.1,Thornhil,na
724,344,0.026922832,C40_KF572369.1,Thornhil,na
721,348,0.006443946,C40_KF572370.1,Thornhil,na
469,89,0.008605825,C7_KF572247.1,Thornhil,na
458,82,0.007067627,C7_KF572248.1,Thornhil,na
458,83,0.006883154,C7_KF572249.1,Thornhil,na
459,111,0.002527624,C7_KF572250.1,Thornhil,na
484,108,0.002294504,C7_KF572251.1,Thornhil,na
485,109,2.05E-06,C7_KF572252.1,Thornhil,na
485,110,2.05E-06,C7_KF572253.1,Thornhil,na
471,90,2.05E-06,C7_KF572254.1,Thornhil,na
477,97,0,C7_KF572255.1,Thornhil,na
476,99,2.05E-06,C7_KF572256.1,Thornhil,na
477,98,0,C7_KF572257.1,Thornhil,na
473,94,2.05E-06,C7_KF572258.1,Thornhil,na
474,95,2.05E-06,C7_KF572259.1,Thornhil,na
474,96,2.05E-06,C7_KF572260.1,Thornhil,na
478,101,0.01023961,C7_KF572261.1,Thornhil,na
481,102,0,C7_KF572262.1,Thornhil,na
480,104,2.05E-06,C7_KF572263.1,Thornhil,na
481,103,0,C7_KF572264.1,Thornhil,na
483,105,2.05E-06,C7_KF572265.1,Thornhil,na
482,107,0.002392571,C7_KF572266.1,Thornhil,na
483,106,2.05E-06,C7_KF572267.1,Thornhil,na
475,100,0.024333178,C7_KF572268.1,Thornhil,na
472,91,0,C7_KF572269.1,Thornhil,na
470,93,2.05E-06,C7_KF572270.1,Thornhil,na
472,92,0,C7_KF572271.1,Thornhil,na
446,63,2.05E-06,C7a_KF572222.1,Thornhil,na
451,71,0.005033195,C7a_KF572223.1,Thornhil,na
447,64,0.02636428,C7a_KF572224.1,Thornhil,na
447,65,0.002480861,C7a_KF572225.1,Thornhil,na
450,73,0.014961759,C7a_KF572226.1,Thornhil,na
445,66,0.012586857,C7a_KF572227.1,Thornhil,na
449,69,0.005375474,C7a_KF572228.1,Thornhil,na
451,72,0.002492367,C7a_KF572229.1,Thornhil,na
448,67,2.45E-06,C7a_KF572230.1,Thornhil,na
449,70,0.013355465,C7a_KF572231.1,Thornhil,na
453,74,2.05E-06,C7a_KF572232.1,Thornhil,na
454,75,2.05E-06,C7a_KF572233.1,Thornhil,na
454,76,2.05E-06,C7a_KF572234.1,Thornhil,na
466,84,2.05E-06,C7a_KF572241.1,Thornhil,na
468,87,0.00535453,C7a_KF572242.1,Thornhil,na
468,88,2.05E-06,C7a_KF572243.1,Thornhil,na
467,85,2.05E-06,C7a_KF572244.1,Thornhil,na
467,86,2.05E-06,C7a_KF572245.1,Thornhil,na
448,68,0.036671802,C7a_KF572246.1,Thornhil,na
457,80,2.05E-06,C7c_KF572235.1,Thornhil,na
457,81,0.00283059,C7c_KF572236.1,Thornhil,na
555,182,0.002533105,C80_KF572188.1,Thornhil,na
683,306,0,C87_KF572415.1,Thornhil,na
681,309,0.007686872,C87_KF572416.1,Thornhil,na
682,308,2.05E-06,C87_KF572417.1,Thornhil,na
683,307,0,C87_KF572418.1,Thornhil,na
397,24,0.010540237,Cq_KF572338.1,Thornhil,na
395,27,0.001358816,Cq_KF572339.1,Thornhil,na
397,25,0.008336388,Cq_KF572340.1,Thornhil,na
396,26,0.010620246,Cq_KF572341.1,Thornhil,na
413,414,2.05E-06,,NDF,na
471,472,2.05E-06,,NDF,na
476,477,2.05E-06,,NDF,na
480,481,2.05E-06,,NDF,na
495,514,2.05E-06,,NDF,na
546,547,2.05E-06,,NDF,na
641,642,2.05E-06,,NDF,na
642,643,0,,NDF,na
682,683,2.05E-06,,NDF,na
695,696,2.05E-06,,NDF,na
734,735,2.05E-06,,NDF,na
